Return1,Return2,Return3,Return4,Return5,Return6,Return7,Return8,Return9,Return10
-0.0390186633518068,0.0010619469026549,0.0007931786634938,-0.0047209203238176,0.0165483613454444,0.0158648008439994,-0.0293251533742331,-0.0289400566696925,0.0203862660944205,-0.0326644890340643
-0.0312247354521119,-0.001944837340877,-0.0009906875371508,-0.0042638446522141,0.0051574836573562,0.0053689697064702,0.0158007837188725,-0.0098208636694145,0.0034174553101997,0.0103714423540761
-0.0111826122433841,-0.0020372010628875,-0.0029750099166997,0.0045228636777931,-0.0166810954623197,-0.0132922741093006,-0.0012444001991039,-0.0116062828423472,-0.0020958868221115,-0.0460730484602529
-0.0057951987996998,-0.0095855152214431,-0.0101452158344936,0.0074813394507977,-0.002619768515536,-0.0015604630032,-0.0368801395464739,0.0109127749903512,0.0057757941716987,-0.0442942942942944
-0.0003961441964875,8.961376467420124e-05,0.0012057877813504,-0.014256826793998,-0.0065020345770447,-0.0109403129760421,-0.0111254851228977,-0.0170610187933684,-0.0080918820151396,-0.030636292223095
0.008643140215135,-0.000448028673835,-0.0272982737856282,3.4476814342321305e-05,-0.0070863582186585,0.0152218266191943,-0.0020931449502877,0.0062000223336748,-0.0110526315789473,0.0067531064289572
0.0060432569974555,-0.0039444195428059,-0.0043334709038382,-0.0083431014272908,0.0024444541446593,-0.0119988178504579,0.009701101206083,-0.012646928258478,-0.0125066524747206,-0.0024148108398175
-0.0044633724498335,-0.0159301593015928,0.0035233160621761,-0.0256049228201918,-0.0040496407576747,0.0013759821321739,-0.022851207478577,0.0067343358273508,-0.0156292104554028,-0.0277030661646046
0.0078646018195063,0.0170111578562282,-0.0012391573729862,0.0017304433146017,0.0003060510668067,-0.0003982873643333,0.0108955620515545,-0.009844612404794,-0.0054749520941691,0.0207468879668049
-0.0036513938315539,-0.0005395683453236,-0.0277088502894955,0.0021192477560907,-0.0005244984483588,-0.0065145930869607,-0.008806519453207,0.0068538483034519,-0.0173410404624277,-0.0815718157181571
0.0105850618547111,-0.009897426669066,-0.0125478519778816,-0.0044605569476284,0.0104736082564396,0.0107884815914014,0.0144543164036599,0.0011686167959448,0.018767507002801,0.0351136028326941
0.0232125763934909,-0.0109960014540168,0.0172302390695671,-0.0199928596929668,0.0222664618181029,0.0405705669959925,0.0188235294117646,0.0180048732801261,0.0016497113005224,0.008266818700114
0.0078978141584959,0.0391436184875495,0.0065636248147362,-0.0566848816029144,0.0297404851615088,0.0346609216220852,0.046189376443418,0.0289040814474017,0.0323908866318967,0.0752049759683348
0.0169570184206768,-0.010787868069679,-0.002103491796382,0.0299683324322237,-0.0117787325014904,-0.0207300668890157,-0.0185185185185186,-0.0147611242413969,-0.0218027120446691,-0.0702077307388903
0.0013865973953031,-0.0113524626798963,0.0170741989881957,-0.0034683164604424,0.0008528518533927,0.0159754628932711,0.0129951268274397,0.0086104513064131,-0.0100570807284587,0.0130090497737556
-0.0048901898234975,0.0212477396021699,0.0120207253886011,-0.0076944784121907,-0.0306141535903564,0.01624284629489,0.0135685210312075,0.0090182280350075,0.014003294892916,-0.0220547180346174
0.0043505830133512,0.0103585657370517,0.0030718820397297,0.0100860728775642,0.017687920758115,0.0309640969564424,0.0508701472556893,-0.0126886510667265,0.0054156512320606,0.040822152440765
0.0159590326370986,0.0141955835962146,-0.0032666394446713,-0.0022147978527722,0.0147470874502286,-0.0025632413512701,0.0086855819339894,0.0352906412258855,0.0091570158901157,-0.0052111903455842
-0.0032970257720391,-0.001296008294453,0.0270380991396967,-0.0022761474793078,0.0032594930138891,-0.0276832553523322,-0.0027554535017221,0.0062475931589081,0.0152121697357885,-0.0060656189688447
0.0103914097679251,-0.0235314473570378,0.0,-0.0155357378532776,0.0002897111166295,-0.0064160985746053,-0.0253281142067695,0.0090768288729603,-0.0002628811777075,-0.0216366158113731
-0.0102331162152896,-0.0042526800744218,0.0089748703629837,0.0159532701331035,0.0093715089577557,-0.0037791230966796,0.006850933144342,0.0102177404961627,0.0055219563502497,-0.00680464984406
0.0120534090712294,-0.0055165050271376,0.0021743427554852,0.0097835922183682,-0.005820745629317,-0.0128719799646433,-0.0058657907085875,0.0156883529879423,-0.0099372384937237,-0.0145589494718813
0.0165129451222643,0.016820255882616,0.0291913214990138,0.0170814120633973,0.0130908940977589,0.059695923887697,-0.0018881283927307,0.0163809672902479,0.0198098256735341,0.011008111239861
-0.0023904114201063,-0.0098548174219094,0.0095822154082023,-0.0215667559928049,-0.0019535224451587,-0.0308247513423114,-0.0089855757862378,-0.011474827685054,-0.0005180005180006,-0.0071633237822349
-0.020839661165671,-0.0050653159157558,0.0218299164768414,-0.0030202412441141,-0.0118052440565999,0.0130962327896249,-0.0180147936053448,0.0044103580656749,0.0129567245400363,-0.0204906204906205
-0.000706567632309,-0.0183994283672739,-0.0133754412037895,-0.0288262522108908,0.0100274413518477,-0.0093052442850738,0.0122706839995141,-0.0085708376065428,-0.0189306728063443,-0.0011785503830288
0.0327665298520332,0.0091901728844403,-0.0235360572396912,0.0188127252295888,-0.0030437358282435,-0.0064427392500362,-0.0012001920307249,0.0169117295514109,0.0132985658409388,-0.0194690265486726
-0.0046755502120695,0.0095572987106664,-0.0021210952564597,-0.0088998763906057,0.003360380296697,0.0113479052823315,0.0126171593366979,-0.0064495999452915,-0.0033453422542459,0.0273766546329723
0.0055699090695566,0.0031258372778422,-0.0067632850241545,-0.006197593875319,-0.0087199803953601,-0.0173261531257316,-0.0079506348641272,0.006241960947952,-0.0129098889749548,-0.0099560761346997
-0.0041209249557876,0.0053418803418803,-0.0054474708171206,-0.0005599104143336,0.0072722028800393,-0.0084126024083137,0.0038277511961724,-0.0069898678979094,0.0141250326968349,-0.0097604259094942
-0.0068519542309561,-0.0159404888416577,-0.0017605633802816,-0.0089249492900608,-0.0039268621916799,-0.0128645891094597,-0.0044089609151573,-0.010741577871058,0.0038689708537529,-0.0191158900836321
-0.0218953476603354,-0.0188084953203744,0.0005878894767783,-0.0042882482505895,-0.0053796558662888,-0.0082574991573981,-0.0084979054458408,-0.000709374184002,-0.0028263103802671,-0.0331912302070644
-0.0110202814569535,0.0044941759148859,0.0197806502154329,0.0145253802634928,-0.0019611890999173,0.0073822335504578,0.0191936262675036,-0.0020251113811259,0.0193249162586961,-0.0028346456692912
0.0029470747231667,-0.0253834915997077,-0.0126752448626848,-0.0155909310178485,0.0045919950356809,-0.0231089287053002,-0.0055667416794977,0.0134495880463623,0.012639029322548,-0.0230574857864813
-0.0144834301213616,0.03297732808694,0.0128379692666795,0.005468765313523,-0.0008236045051166,0.0228497975941521,0.0323963792282038,0.0091588656269105,0.0032451323015476,0.0297445845457484
-0.0025934616538171,0.000453473607836,-0.0234299980795084,-0.0051660948222083,-0.0050075215859213,-0.0223956184116741,-0.0059990770650668,-0.009997397177858,-0.0052251803931325,-0.0021978021978021
-0.0163441468850602,-0.002991569214033,0.0098328416912487,-0.0149516960279046,0.0015533095849555,-0.0075786646201074,-0.0031337047353761,0.0095768431759604,-0.0042521260630314,0.0025173064820642
0.0097824132350297,0.0002727768685215,0.0062317429406038,0.0090116973024587,0.0044459149279347,-0.0006186563557273,0.0097799511002445,-0.0005251024590163,0.0128108515448379,0.0072190834902698
-0.0266410229013069,0.0118171075356785,0.007547900135475,0.0169160702667532,0.0161403219829538,-0.0042752403613642,0.0115300357431107,0.0082565554829423,0.0399305555555555,0.0040511062636334
-0.0025613816824618,-0.008265205282544,-0.003457548981944,-0.0051765253300761,-0.002269135702419,0.0096363071184333,0.0052433603100421,2.9654734166495444e-05,-0.0093012163129024,0.0294847920546243
0.0065299534098828,0.0027176374671618,-0.0215882806476482,-0.0059050514499532,-0.0075336067903992,-0.0065040024630542,-0.0087311486563101,0.0092986016089333,-0.0038517091959556,-0.0198974977389205
-0.0022414987061266,0.0042460926912999,-0.0179275019700552,0.0409339528318533,0.0171048593350384,0.0135580089095486,0.0043468313886982,-0.0036809764451085,0.000724987916868,0.0335281451860964
0.0115796971744808,-0.0008096437567468,0.0138415245737211,-0.0102453999284327,0.0038019754179154,-0.0074335944964646,-0.0051252847380409,0.0080968931016325,0.0014489253803429,-0.025297619047619
0.0091902139568473,-0.0037813991176736,-0.0069252077562327,-0.0117785854280442,-0.0021442885771543,-0.0036772491865771,-0.0018317115054379,-0.0121773361136997,0.0077164215095248,-0.008854961832061
0.0166923104447704,-0.00307275192047,0.0005977286312015,0.0021950937728656,-0.0023497278733958,0.007207729468599,0.000573460259204,0.0055249319959558,0.0059822924144532,0.0178681454097349
-0.0058070987382757,-0.0028102619889401,-0.0366387893269612,-0.0005571779895482,-0.0045897415250826,-0.0360109740421694,0.0003438789546079,0.006096201338724,-0.0206945765937202,-0.0302663438256658
-0.0154698479565286,-0.0209999999999999,-0.0392724266225713,-0.0020184932428535,-0.0254004206439087,-0.0526012020857381,-0.0239486650624499,-0.0130008614272929,-0.0223463687150837,-0.0352684144818974
-0.0066519245635797,0.0192218404680097,-0.0120481927710843,0.0012135454790616,-0.0126369521912349,0.026868054534378,0.0061047194177037,-0.0096937240762788,0.0173913043478259,0.0080879974118408
0.0024976019401661,-0.0070153061224488,0.0163327526132404,-0.0054639552109586,0.0040350545362839,-0.0180434515772677,0.0056009334889146,-0.0116881505598075,0.0026862026862026,-0.0266367137355584
-0.0015887057464208,0.013670978988898,0.006642382686951,0.0264639312866346,0.0077027734170591,0.0449166666666667,-0.0100951496867022,-0.0037790735425893,0.0160740379931805,0.0339597757995384
0.0055874003218632,0.007965242577842,-0.0155385270327799,-0.0092158082207272,-0.0055044347049415,0.0247228646622537,0.001172195522213,0.014369763965655,-0.0091083413231064,0.0159438775510203
-0.0025174422786449,-0.0112248563218391,-0.0036756756756756,-0.0003804306474929,0.000355069134049,-0.0094365320258386,-0.0111228193419974,-0.0160810133522957,-0.0084663763909046,0.0103578154425609
-0.0095363426593596,0.0054490963581872,0.0104166666666667,0.0186101385294565,-0.0014824094373108,-0.0004714108935202,0.005446365143263,0.0195220493798133,0.0192729934130275,0.0562286424355391
0.0184372895546294,0.0072260861710775,-0.0120274914089347,-0.003810947132449,0.0026137504182,-0.0084107925403345,0.000235515779557,-0.0011316419911774,-0.0043082814743896,-0.0123529411764705
0.0082386160554721,-0.0189220697695273,-0.0421739130434781,-0.0040318043731013,0.0060272372729359,-0.0172417210012089,-0.0142453496585825,-0.008434940232912,-0.0127403846153846,-0.0425848719475878
-0.0254178705000265,-0.0188299817184642,0.0072628234226055,-0.0159665605994991,-0.0150296446784692,-0.0371251688882614,-0.0199450615072255,-0.0042856834889085,0.0017044071098124,-0.0367029548989114
-0.005328919847953,-0.0107136202720328,-0.0022532672374944,0.0074048562080246,-0.0330014943278682,0.0068275110999411,0.0029246892517669,-0.0209880445654949,-0.0077783179387457,0.0122699386503066
-0.001572499542878,-0.0038610038610039,-0.0151309846431797,-0.0125925925925926,-0.0146914789422135,0.0272912593085661,0.0010935601458079,0.0146885808557502,0.0311121999020087,-0.0035087719298246
-0.0325067760603619,-0.0191907733030818,-0.0055033249254758,-0.0001154134687516,0.0076872100728959,-0.0266877252662698,-0.008374802767326,0.0007976810583441,-0.0030886196246138,-0.0316901408450703
0.0113952563932688,0.0345060240963854,-0.035969564214895,0.0211808160674091,0.0022578806611426,-0.0070317050844637,0.0012239902080783,0.00131534246814,0.0159675881792182,-0.0459504132231404
-0.0011603750631656,-0.0084785241777693,0.0076536713704855,0.0191590369616818,-0.0038275628267098,0.0338571129268805,0.0165036674816625,0.0111570247933885,-0.0075064508562044,0.0197505197505196
0.0014427851374394,-0.0185115579778237,-0.02492285782103,-0.0188543226307325,-0.0144908444210248,-0.0254326591821019,0.032711966325917,-0.0002581033703998,-0.0172536043488537,-0.0652395514780835
-0.0206750739063728,-0.0043082814743896,-0.0284810126582277,-0.0354000640554644,0.0035423071781846,-0.0606142521469713,-0.0093164085245137,-0.0072029431380564,0.0016835016835017,-0.0298073427844421
-0.0046044210083874,0.0021153846153847,0.0245552493109495,0.0057031249999999,-0.0002664002664002,0.0430759695413491,-0.0017632537909956,0.0120790010878468,0.0122448979591838,0.01611090295991
-0.0015738963531669,-0.0165995010554595,-0.0097823428711176,-0.0158665423755146,-0.013256944907068,0.0052841560205425,-0.0177814413565708,-0.0110398341883708,0.0151802656546489,-0.0446165191740411
-0.0024991349148372,0.0071226461118156,-0.0259323289701161,-0.0017957572767637,-0.0033531370960483,0.0141014544763673,-0.0154657714902289,-0.0117346496925608,-0.0161214953271027,0.0088768815129292
-0.006186401480111,0.0054253051734158,0.0172413793103447,-0.0057330381148189,-0.0158511527084697,-0.0011240866795727,-0.0193619094008768,0.026403189764711,-0.044644977440038,-0.0531752104055087
-0.0107820893206894,-0.0361341298901523,0.0224327018943171,0.0165029625800294,0.0045199036365721,0.0288840262582057,0.018874953433503,0.010650741069599,-0.0151628138205319,-0.01010101010101
-0.0039207229813177,0.0362891132660201,0.0048756704046806,0.000234723417573,-0.0023297245443332,0.0148670272022035,-0.0045094454600853,-0.0050770640884303,0.0037859666834931,-0.0416326530612244
0.0145834563381943,-0.0294231140266254,0.0278990781174186,0.0059253754693364,0.0225045787545787,0.032990719489073,0.0146914789422134,0.0053322238684943,0.0193613276338948,0.0566439522998296
0.0040929546865302,-0.0368750621210615,-0.0200613641727637,0.0005832150702773,0.0218749300315697,0.0132733104061206,0.0138754826254825,0.0129262473343045,-0.0034533793783916,-0.0161225312374042
-0.0294611981531209,-0.0180598555211558,-0.0185452793834296,-0.0066447764673881,-0.0270157756354075,-0.0211459624368385,-0.0235630132095679,-0.0083254817272976,0.0,-0.0008193363375664
-0.0131374656634419,0.0053599579611141,-0.0159509202453987,-0.0173685137011755,0.0040984529466074,0.0262388966806919,0.0171846435100548,0.0120318326473813,0.0155940594059407,-0.008610086100861
0.0082899673242162,-0.0045996236671544,0.0072319201995012,-0.0077230836601045,-0.0007849469600125,0.0132300742174895,0.0039539899352982,-0.0026710311509526,0.02924689251767,0.0037220843672456
-0.0084218528076175,-0.000525099768956,-0.0148551621688536,0.0066397865639604,-0.0093594290074965,-0.0140502060696889,0.0106217925766798,0.0051814334743927,-0.0194174757281553,-0.0045323444581788
-0.0342559715945771,0.0059892823368707,-0.0183463181703944,0.018133992268144,0.0062306001767225,0.0143454303629109,-0.0153519130845536,-0.0080221437687502,-0.0048297512678097,0.0252483443708608
-0.0037601838312095,-0.0222477543346563,-0.0332821300563236,-0.0201988569639082,0.0023642258848959,0.0168586681652149,-0.0116334852482609,0.0521562599208007,-0.0055811696190245,-0.0924505450141298
0.0235898511218284,-0.0086529216963999,-0.0421080508474577,0.0169396723931283,-0.0232495451175954,-0.0324214792299898,-0.0314282247300085,-0.0098538204397297,-0.0104929233772572,-0.0418149466192171
0.0106114923691489,0.0040948275862069,0.0395355266795687,-0.0016303920798302,-0.0052435490547813,0.0053117563065205,-0.0092708594337259,-0.002514033680834,-0.0061652281134402,0.0311049210770659
0.0272434273204547,0.0013951491736425,0.0039893617021276,0.0102115100836202,0.04320987654321,-0.018653889856829,0.0410976226605968,-0.003802663472322,0.0069478908188584,-0.004502476361999
0.0600074984707066,-0.0025720715893259,0.0164238410596027,-0.010322530383297,0.0016842851760741,0.0090700322275614,0.0168832746265032,0.0065368180222493,0.0179891572203056,0.088647670737223
0.0064038125023269,-0.0023638121843774,-0.0354443575710189,-0.0112567402684299,-0.0055089714374211,-0.0175753982673219,-0.0134973721930244,0.0036119897212634,-0.0038731541999516,-0.033236393851267
-0.0097110724723465,0.0020463112547117,0.0213455822750607,0.0062497512041719,-0.0091434927697442,-0.008078645123613,-0.0207046857973121,0.0159338201223897,-0.0046172539489671,-0.0176192522561237
0.009264620729589,0.015584694754944,-0.0224867724867724,0.0117493472584855,0.0004490446574911,0.0095378274948485,0.0129821958456972,0.0124519829989344,-0.02099609375,0.0209973753280841
0.0022948938611588,-0.0061382156841993,-0.0200270635994587,-0.0096578690127075,-0.0076303328171637,-0.0056764059796661,-0.0427193946051507,-0.0143104573132845,-0.0172069825436408,-0.0347043701799485
-0.0267370792326014,0.0039399424981363,0.0060756697045014,0.0275979153506,0.0166444288654199,0.0033822753133003,0.013642738747928,-0.0165629838585764,-0.0007612281146917,-0.0279627163781625
0.0163918875334383,0.0148493848112005,0.0697227559703539,0.0306412571560303,-0.0056056056056055,0.015509917774054,-0.0213836477987421,0.010528213448711,0.0124428643981715,0.0780821917808218
-0.0039758833740877,-0.0073160535117057,0.0192455735180907,0.0214356278775,0.0048095206138289,0.0207413945278021,0.0060411311053985,0.0001427195204624,0.0208176573865062,0.027107157983905
0.0055097451274361,0.0002105706464519,0.0037764350453173,0.0033759740141243,0.00164744645799,0.01189871990075,0.0104765555129677,0.0176312733124832,-0.0029484029484029,0.005360824742268
-0.0060759682409511,-0.0067368421052631,-0.0132932029094557,0.004292157718609,0.0007556899004268,0.0254681230494873,-0.002149449993678,-0.0060297514480361,-0.0073928043371118,0.1021328958162426
0.0039753975397538,-0.0084781687155574,0.0050838840874427,0.002191235059761,0.0086838715408874,-0.0070286035179247,0.0205271160669031,-0.0158359426128326,-0.0086891757696127,-0.0476367696315592
-0.0008965259618977,0.0025651988029071,0.0025290844714214,-0.0128295477132686,-0.0059008741220247,0.0130803612149958,0.026570648125155,0.0105440036951796,0.0150262960180316,0.0125048847205939
0.0151237568234503,0.0031982942430703,0.011856710393542,-0.0022880781973604,-0.0058916033577708,-0.0136677951451414,-0.0030237058538945,0.0119510138463114,-0.00246730816679,-0.00733307603242
-0.0083239719342186,-0.0209351753453772,-0.0147095487409624,0.0046783840311157,-0.0146157788026647,-0.0619648366896099,-0.0279024626956205,-0.0059730783158566,-0.0084095968340341,-0.0513219284603421
-0.029192742669316,-0.0043416910886789,-0.0265688259109311,0.0020452511824107,-0.0106722138060459,0.0027832382880166,-0.0032447273181079,0.0082065142879526,0.0079820404090797,-0.0020491803278688
0.0030414905216444,-0.0143900577782621,0.005718741876787,-0.0040457055382427,-0.496720374814307,-0.0170218547416637,-0.0319268811819206,-0.0135286347035511,-0.0044543429844098,0.020123203285421
0.0935235334503012,0.024886627585444,0.0341173429826828,0.0385171360084901,0.0895054720494072,0.1305755750814492,0.0799275737196067,0.0633719052532906,-0.0246085011185682,0.0728663446054749
0.0651028950122079,-0.0310813727606303,0.0132466883279178,-0.0248608076679118,0.0480576858952985,-0.014862551957805,0.0689820359281436,0.0158377409366343,-0.0402650356778796,-0.0401500938086303
0.0086945131236388,0.0030073513031856,-0.022446965959546,0.0065046526334808,-0.0027440843109962,-0.0228340454198947,-0.0120994846515797,-0.0206005892133127,0.01141795007966,0.0234558248631744
-0.0143497175508083,-0.0347584675180454,-0.0280090840272521,-0.0042725069562876,-0.0112458127293028,-0.0187594114552149,-0.0151961896121569,0.0020698846672175,0.0435809923864531,-0.0599694423223835
0.0187088274044795,0.0088587206626782,0.0555555555555555,0.0005408621342419,0.002258610954263,0.0206526763427936,0.0408797789037309,0.0353754133075752,0.0025157232704402,0.0117838277123121
-0.0251228660113813,0.002166723685711,-0.0194294146581407,-0.0158747319674936,0.0013682092555331,-0.0112133618347161,-0.0060847438875981,-0.0139006501801272,-0.005771643663739,-0.0369477911646586
-0.023531557825611,-0.0316340464269457,0.0025081514923501,-0.0104548117767687,-0.0134624658415045,-0.0089405126138175,-0.0345057880676759,0.0108253462291407,0.0047955577990914,-0.0204336947456214
-0.0083555525363856,-0.0301997649823737,-0.028771578684013,-0.0047737996114349,0.0173937838608495,-0.0060634069692208,-0.020982245792022,-0.0149823789656327,-0.012810851544838,-0.0183056619838229
-0.0056858077443442,0.0132073185508301,-0.0378670788253476,-0.0045364121441983,-0.0202194106342088,-0.0077742853423103,0.0063589260480452,0.0020684790831448,0.0132315521628498,0.0615784908933219
-0.019910780413028,0.0005979430758191,-0.0050870147255688,-0.022206450889939,-0.0276653998610599,0.0003186563946842,-0.0313597004446525,-0.0196099884389691,-0.0128076343545956,-0.0224673202614379
0.0380296293692774,-0.0241424644436477,-0.007534983853606,-0.0004775184322114,-0.0023535345044969,0.0021361915826556,0.0053152935491664,0.0120787143813705,-0.0002543881963877,-0.0179690764730464
0.0356036365483265,0.0369871402327006,0.0051518438177873,0.0179441609814825,0.0347544022242818,-0.0260471204188481,0.0495073299687573,0.0187417070059947,0.0061068702290074,0.0289361702127659
-0.0067843714239006,-0.0028345340734617,-0.0043161586188291,-0.0112262521588947,-0.022472824980662,-0.0009599324207575,-0.0297687199450423,-0.0027745105821059,0.0070814365199798,-0.0339123242349049
0.0145502427783721,0.0454814639346206,0.0243836358710376,0.0067970381621416,-0.0014576652367664,-0.0015373676422545,0.01144677838093,0.0153800511582975,0.0095429432446008,0.0385273972602739
0.0089878161553562,-0.0010195989577433,0.0055540862205765,0.0001885796183147,0.0046713380046714,0.0043689974401908,0.00070003500175,0.0097346141786152,-0.0129353233830845,0.0539983511953834
0.0229768623478525,0.0128146972102518,0.0055234087322462,0.0123496361099588,0.0154848887412819,0.0254867392304154,0.0069954529555789,-0.0058013974168961,0.0143649193548387,-0.007039499413375
-0.0013674515104837,0.0005598477214197,0.0177870782108291,0.0062577989682079,-0.0015943747189404,-0.0274133871510258,0.0079888850295242,0.0187906408836642,-0.0134161490683228,-0.0086648286727059
0.0223813646021877,-0.0011190689346464,0.0249293240812129,0.0096059523589184,-0.0009008271230857,0.0103175975560549,0.0121755111417414,0.0115214437515243,-0.0042810375220349,0.1084624553039332
0.0013855319673015,-0.0048173874075734,0.0328485456369107,-0.0009349563687028,0.0073770491803277,0.0064468279324509,-0.0063549704947798,0.0219469099701381,0.0245321193727872,-0.0189964157706094
-0.0013221209279443,0.021952043228639,0.013838310269483,0.0315246710828118,0.008380797396257,0.0107703644918089,0.0304933759707628,0.0124397979164769,0.0123426314490249,-0.0372670807453415
0.0143624636320252,0.0007710949548358,0.0,0.0056746419994662,0.0018558863874766,0.0143009365711401,0.0087554028593594,-0.0024633821571238,0.0058522311631308,0.006831119544592
-0.0033083437035237,-0.0162905888827737,-0.0172413793103449,-0.000495277178335,-0.004429768041237,-0.0062294961111726,-0.0007690617446715,-0.0211573116198358,-0.0104242424242424,0.0064078401809271
-0.0050855715938852,0.0290925366454066,0.0031676413255361,-0.0107422220649135,-0.0057438718550277,-0.0142618694362016,0.0315557998900495,0.00936519841811,-0.0056344928956394,-0.049812734082397
-0.0024486547702855,0.0026095465912796,-0.0145737187272285,-0.00334531923648,0.0070789259560619,0.0042708509717597,0.0009592837348113,0.0006789003840346,-0.0029563932002956,0.1643673630271973
0.0286582185265871,0.0260275458193255,0.0340152822282475,0.0060669155657668,0.0038781611052758,0.0122335044400314,0.0167181343839846,-0.007672107686284,-0.0064245119841856,0.1675693974272174
-0.0186129753914988,-0.0170172286227672,-0.0166865315852204,-0.015200713648528,0.0047082494969818,-0.0063111917232699,-0.0130917469627147,0.0182350039966665,-0.0054712758020394,-0.0031893302406493
-0.0071426400413361,0.003978494623656,0.0063030303030302,0.0084423348672051,-0.0144190331237232,0.0073384242875766,-0.0171919770773638,-0.0013896497815309,-0.008002000500125,0.0337405468295519
0.0005969509581829,0.0050337367462782,-0.0021681522524693,-0.0095573440643862,0.007883935465518,0.0010908956438133,-0.0017276751970629,0.0008563591356125,-0.0052936728006048,-0.0149127743387731
-0.0087806519710575,-0.0019181585677748,0.0381458232737808,0.0149459479068418,-0.0025805411072135,-0.0235118113144821,0.0178474851270957,-0.0097895693792696,-0.0129244804865686,-0.0162810625535562
-0.0025001157460993,-0.0009609224855861,-0.017906976744186,0.0063978840517548,0.0021425395157053,0.0081331567996973,-0.0045696068012751,-0.0110137139809698,0.0033376123234916,-0.0011614401858303
-0.0012067765142724,0.0277866837661644,0.0059199621122425,0.016692119188834,0.0138362242839855,0.0050093808630393,0.0263691683569979,-3.7542149595282126e-05,-0.0015353121801433,0.0145348837209302
-0.001254705144291,-0.0187168555682645,0.0004708097928436,0.0029168267719286,0.0056101539808219,-0.0065338734668732,-0.0044726440607446,0.0042048786148474,-0.0046130189646335,-0.0171919770773638
-0.0204106954525715,-0.0198156193705627,-0.0152941176470587,-0.0170495115027604,-0.0064097491493235,-0.0052238946201401,0.0227771392748927,-0.0163106466139859,-0.0131307929969103,-0.0142857142857142
-0.0121754274857504,-0.0165405405405404,0.0028673835125447,-0.0022500974451649,0.0072873526600829,-0.020004155726402,0.0150168556543059,-0.0250737666968412,0.0005217845030003,0.0174504584442471
0.0481479700597842,-0.0152797625590854,-0.0123898022396949,-0.0186806357098463,-0.0056928246689069,-0.0018889745566692,-0.0222423510466989,0.0088457626457902,-0.0130378096479791,-0.0081395348837209
-0.0119122257053291,0.0078142442509487,-0.023642943305187,-0.0105314586613104,0.0130014711144688,0.0009848982271831,0.0265568708183221,-0.000133490242917,-0.0066050198150594,-0.0208089097303633
-0.0109106103751392,0.0262516614975631,-0.005930318754633,-0.0011887127155685,0.0031399638904152,-0.0186946539849132,0.002406497543367,0.0045111672469582,-0.0018617021276595,0.0089793475007482
-0.0171019073398945,-0.0057204533189422,-0.0042257022122793,0.0022703969532738,-0.0124031614367322,-0.0158461780434098,-0.003000900270081,-0.0146898860134797,0.0159872102318145,0.0091960842479974
-0.0065427106880193,0.0249674337820233,-0.0034947578632053,0.0021921812203142,0.0078047620934196,-0.0135642654520756,-0.0097321159827431,0.0022398841365798,0.0251770259638079,-0.0138154027042916
-0.0012979313218067,0.0222410506248675,0.0172845691382765,0.0348705796573094,0.0011400267316612,0.0006277972417425,0.0030395136778116,0.0079017645267087,0.0033256587362497,-0.0020864381520119
-0.0140069954754035,0.0060091172813923,-0.0317655749815317,0.0143025734063726,0.0078533003494718,-0.010949200566687,0.0065656565656566,-0.0034578122309564,0.0010198878123406,-0.0194145758661887
-0.0162725985712658,-0.0136972193614829,0.0122075279755848,-0.0027785013458365,-0.0144933182685937,-0.0007571261945199,-0.0029101856497741,-0.0005606705478703,0.0124808965868568,-0.0109655802619555
0.0059384976758802,0.0097107653753785,0.008542713567839,0.0172050500653027,0.0050207550899386,0.0153178243774574,0.002012882447665,0.0222488797939526,-0.000754716981132,0.0230982445334153
0.0048181280010524,-0.01023784901758,-0.0146985550572994,0.0154760070532244,0.0031075446463693,0.0062928600242033,0.02591402169546,0.0025954662175222,-0.0211480362537763,-0.0162552679108969
0.0117339006627934,-0.0220457632431303,0.0164348925410873,0.0020736045315845,0.0026273479471394,0.0114848071835165,-0.0101821029958879,0.0026369419735068,0.0036008230452673,0.0152998776009791
0.0023130924266443,0.0007478632478632,0.0241293532338309,0.0015982503364737,-0.010247183979975,-0.0225700980877835,0.0270029673590503,0.0066505524387647,0.0053818554587392,-0.0066305003013863
-0.0130880335673364,-0.0035230062987082,-0.0029147437454456,-0.0211304274796338,0.0076266498063701,-0.013279000932571,-0.0126167774246362,-0.0140249871244341,-0.0145296966607187,-0.0200242718446602
0.0039245184288845,-0.005785301049925,0.0029232643118148,-0.0144653980129382,-0.0072159692536962,-0.0109305335826263,-0.0033164260632072,0.0071745093901667,-0.0098292809105018,-0.0027863777089782
-0.0069713652799946,0.0005387931034481,-0.0012144765606023,-0.0046488142911863,-0.008176970175785,0.0064189119009536,-0.0030338618124876,-0.0140235546259183,-0.0104493207941483,-0.0176963675877058
0.0003116491159005,0.0123855681206246,-0.0138618677042801,0.0068221176552907,-0.0029870957463756,0.0068527080581242,0.0390694021792479,-0.0032918800292611,-0.0052798310454065,0.0707964601769912
0.0110355005329179,-0.0178723404255318,-0.0313193588162761,-0.0021717601681811,-0.0048336196220989,-0.0173841738417384,-0.0021728861596598,-0.0011603320227173,-0.0058386411889596,-0.0194805194805195
-0.0043141198222453,-0.0133232235701906,-0.0224032586558045,0.0066861679899707,0.0003612716763006,-0.0143536676959025,-0.0062488165120243,-0.0086321218504302,-0.0037373198077951,-0.0276941601444912
-0.0036486838676048,-0.0165770117466242,-0.0018229166666666,0.0062093538120935,-0.0024878616427911,0.0082761832190332,0.0032393292682928,0.0046730621263137,0.0072347266881027,-0.0061919504643962
0.0003106199319904,0.0114981022549676,-0.0232194103835117,-0.0038676407391491,0.0052697212277244,-0.0217277212133935,0.004178537511871,-0.0098928508694887,-0.0276669326948656,-0.0049844236760124
-0.0059980061124094,-0.0068425118640327,-0.0002670940170939,-0.0033477135461603,-0.0006002400960384,-0.0144635193133046,0.0091734442973328,-0.0018237686013753,-0.0054719562243502,0.013149655604258
0.0107037158829332,0.024669407711968,0.016029922522041,0.006181175981716,0.0118918918918917,0.0164394896137263,0.0033736294630308,0.0063237594198777,0.0165061898211829,0.0713844252163162
-0.0062305802736249,0.0004337924303221,0.0320799368919273,-0.0289608177172061,0.0001978474200696,0.0017566033289775,0.0031754926683476,0.0103603333109618,0.0051420838971583,0.0193250648976059
-0.0011458878994238,-0.0065040650406503,-0.0185987261146497,-0.0018252702463229,-0.0051430153894844,-0.0127023501486218,0.0040964528442417,-0.0104848408569671,0.0067312870220785,-0.009903791737408
0.0068996033957191,0.0124386252045827,0.0186915887850467,0.0037459832762263,0.0109356980952002,-0.0015161688578916,0.0035234121464997,-0.0001766578455515,0.0058839261834715,0.0300085738782509
0.0088705870863783,0.0082983080073284,0.0079001019367992,0.0164668010895325,0.0167178034773032,0.0030369422330203,0.0004619791185438,0.0029648424110282,-0.0045200744482851,-0.029966703662597
0.0043720960247806,-0.0004275331338178,-0.0042983565107458,-0.0013572534757868,-0.0027469338801408,0.0223837020696815,-0.0022164758034723,0.0066450099005714,-0.0042735042735041,0.0248855835240273
0.0030519636976948,-0.003956372968349,0.0198070086338242,-0.0021606175184263,0.0061297330850405,0.0124804332191057,0.0109218807848945,0.0401003822084085,-0.0016094420600859,-0.0178621267094614
-0.0097525822723996,0.0045088566827697,-0.0176792828685259,0.0157333193636823,0.0043957738875608,0.011240180511449,-0.0087895989745468,-0.0219238470210152,-0.0016120365394948,0.0005683432793408
-0.0002425771395303,0.0231911937586832,0.0086185044359947,-0.0042807041672398,-0.0101735257985258,0.0051857361266063,-0.0003694808793643,0.003681403750215,0.0072658772874056,-0.0031241124680488
-0.0093010465699358,-0.0095049091288907,-0.0082935410907262,-0.0104801533175641,-0.0145056820385525,0.0024664460567693,-0.0043430049898355,0.00090840532017,-0.0122896072668983,-0.0051282051282051
-0.0065963491493322,0.0146578087103237,0.0314242270653826,0.0111669458403127,0.0035814081624621,0.0015582391897155,0.0197679814385149,0.0044454338407795,0.0227211252366785,0.008877434135166
0.001725781532494,-0.0023903554354605,0.0113022113022114,-0.0030197404748757,0.005607843137255,0.0149849536326231,-0.009919912631962,0.0128033332992365,0.0066120074054483,0.0428611978427475
-0.0064154101104236,-0.0036462131472028,0.0269679300291545,-0.0049500666355123,-0.0078383964434739,-0.014521691777092,-0.0092839415387444,-0.0044809081666318,-0.0002627430373095,0.00789330430049
0.0039137327432459,-0.0048097030531158,0.0028388928317955,0.001687220608443,0.0051096611901579,-0.0042979063056425,-0.0039896084616811,-0.000426097454575,0.0275952693823915,-0.003780718336484
0.0045235471189117,-0.0050430762765286,-0.0040103798065581,-0.0050357713412516,0.006374159236665,-0.0012743828492735,0.007172799254774,-0.0033628683846389,-0.0020460358056266,0.0504201680672269
-0.0047815549878823,-0.0074973600844773,0.0035528185693984,0.0066319941359209,-0.0142607344083931,0.0011936858136616,-0.0032371439141694,-0.0092162926402047,-0.0107637109174781,-0.0136774193548387
-0.0055120442279846,-0.0068092350250026,-0.0290299740382345,-0.0017511009396997,-0.0216414380321665,-0.0263942278043866,-0.0244038229562957,-0.0121251781602894,0.0005181347150258,-0.0285190999476713
0.0048146125974088,0.003963577932512,0.0,0.0018583809507268,0.015834642813973,-0.0084876380296855,-0.0053262316910787,-0.0087329580727838,-0.0072501294665976,-0.0051171559385941
-0.004281103866166,-0.0082159624413146,-0.0267379679144385,0.0045246515498231,-0.0026178010471203,-0.0129895019271309,0.0058328552304456,0.0070325210363346,-0.0059989567031819,-0.011640498105035
-0.0074414605106495,0.0115115653577193,-0.0109890109890109,0.0080248511519545,0.0112145072774996,0.0159651355957799,0.0386918908641504,0.0175245374793711,0.0125951193912356,0.0517666392769102
-0.0037819466195727,0.0072325037226121,0.0368686868686869,0.0042800890258516,0.0088878401761836,0.0037799154827884,-0.0110745011898223,0.0028954925239612,-0.0041461518528115,0.02265625
0.0185132536165231,0.0087645195353747,0.0304432537749634,0.0073985680190931,0.0025726982147034,0.001396263936195,-0.0030541416011105,-0.0018793600642795,0.0137913088732761,-0.0005092946269416
0.0197202062329644,0.0138176489061028,0.0066178208461356,-0.0023352624631941,0.0027216174183515,0.018865532903771,-0.0018566654288897,0.0143502805587296,0.0023100616016427,-0.0020382165605096
0.00291451298649,-0.0005162622612286,-0.0023479690068091,-0.0098887305787367,-0.0040713454827452,0.0269138259931989,-0.0037202380952381,-0.0005649489528267,-0.0051216389244558,0.0229767679346437
0.0115760066790828,-0.0077479338842975,-0.0103553777359378,0.0064413341784728,0.0026474596067744,-0.0168800226143844,0.0028939507094845,0.0332902652723381,0.0113256113256112,-0.0139755428000997
-0.0081898262042695,0.0001041124414367,-0.0111771700356717,0.0329877955369453,-0.0073777812293713,0.0080098582871226,-0.0094945545936889,0.0055063855837551,0.0048358360906084,-0.0012655024044545
-0.0044807886187968,-0.0003123048094941,-0.0324675324675324,0.0083213867879448,-0.0181903532449243,-0.0156479217603912,0.0052626632835262,-0.0014378750538394,0.0367274569402229,-0.0116573745565129
0.0002571975116141,-0.014058106841612,0.0049714143673875,0.0002778140933454,-0.008407044386007,-0.0069961914224209,-0.0071047957371226,-0.0088537190484684,-0.0197898851698021,-0.0184615384615384
-0.0015749296906388,-0.0038022813688212,-0.0507049220875587,0.0005227989347973,-0.0028127134648612,0.0001459123692,-0.0154411072403727,0.0175351340739164,-0.002741774675972,-0.0303030303030303
0.0021246800907817,-0.0136768447837151,-0.0059927045336113,-0.0078052285233748,0.0032235967280493,0.0127967320397657,0.0092760830065985,9.6471087613903e-06,0.0094976255936014,0.0150862068965518
0.0255545382996835,-0.0135440180586906,0.0167758846657928,-0.0022217467866958,-0.0002409928907096,0.0160098775594197,0.0116543490619669,0.0132903719567685,-0.0247586036147561,-0.0100849256900212
-0.0057321848081441,0.0122044241037375,-0.0030935808197989,0.0519067097710628,-0.0251898276485476,-0.0052255281226581,0.0063688301957478,-0.0056773825013487,-0.02005585173902,-0.0230563002680965
0.0022210320710731,0.0005382710733126,-0.0217222653219549,0.000125441003528,0.008242664029014,0.0053344192201973,-0.0168450442066075,-0.0159197755656339,-0.0132124352331607,-0.0334796926454445
0.0103575638506876,-0.0067785668173014,0.0100449378799893,-0.0128247338632551,0.0103417266187049,0.0070883204730947,-0.0030291556228702,0.0291957072386024,0.0102389078498295,0.0678591709256104
-0.0010889179267002,-0.0228577618892861,-0.0162261188170637,0.00209640276344,-0.0079297649391106,-0.0016288937599291,0.0106342575009494,-0.021803456914617,0.0103950103950103,-0.0098378090933263
-0.0031145856043853,-0.0090909090909091,-0.0332535248736366,-0.0127898315292327,0.0002039068553485,0.0078757603835151,-0.0123074032318678,-0.01039572702438,-0.0388374485596708,-0.0515574650912996
-0.0322117036898178,-0.006041620049228,-0.0451293340671435,0.0027452239524803,-0.0225067275544319,-0.0219637468273476,-0.0400456577570625,0.0107621041118008,-0.0238158951030237,-0.0622876557191393
0.0427589101239669,0.0007879333633498,0.0296829971181555,0.0067562158787082,-0.0049219988320681,-0.0289141362540357,0.0217003567181925,0.0500008051659446,0.0271381578947367,-0.0105676328502415
0.0007585021903684,0.0087729164323473,0.0215505177721802,0.0310735810950495,0.0310194500335345,0.0361509163983755,0.0295800601299582,0.0094840807312432,0.0373632239124632,0.0112908147696062
0.0072544470224285,-0.0020069126992975,-0.0178082191780821,-0.0334685441954439,0.0120751341681575,-0.036067504721675,0.0156367746797287,-0.0042994482121587,-0.0257267815796243,0.1089318044659022
-0.0011517375881079,-0.0176516590325104,0.003905160390516,0.0081701693076099,-0.0038966777809024,0.0160328663225535,0.0046373585605639,-0.0060970957927596,0.0187483496171112,-0.0266666666666667
-0.0002459873316523,0.0080746047992721,0.0283412058905252,0.002453346839931,0.0019357960961445,0.0133330568572966,-0.0095088626292466,0.0026312638356271,-0.0129600829445308,-0.0293542074363992
-0.0294642307928892,0.0034972924187726,-0.0335044582545258,-0.0055578362333027,-0.0015295443567864,-0.0236346149910986,-0.0046602665672476,-0.0095297590612328,-0.0199579831932773,-0.0270737327188939
-0.006623146152871,0.0131534569983136,0.0027956388034666,0.0133688990505222,0.0002418769652503,0.0045060150060778,0.010862440303399,-0.0108241302976713,0.0155412647374062,0.0050325636471284
0.0006699205665614,-0.0084332001775411,0.0052969054920546,0.0014101278515918,0.0067709172980816,0.0110997517160802,0.0176933765632236,0.0187877215629035,-0.0007915567282321,0.0070692194403534
-0.0005100739607244,-0.0076096687555954,-0.0138657792567942,0.0403354507619613,-0.0060848678943153,-0.0058191122758508,-0.0151101401784088,0.0070255312099252,0.006337470293108,-0.0084820122842935
-0.0122958662924214,0.0083446098331079,-0.017154105736783,-0.0061059977140106,-0.0177622039632674,-0.0217729716266422,0.0088724584103512,-0.0033968633090017,-0.0338493833639466,-0.0023598820058997
-0.0040527666994979,-0.033996868709461,-0.0394849785407726,-0.0026480646430409,-0.001804239963915,-0.0310417992785911,-0.0076951264199338,0.0141840069208172,-0.0027159152634438,0.0
-0.0057229013326416,0.0094929381801343,0.023830801310694,-0.0134120253068532,-0.0032042065480837,-0.0134451573346179,-0.0007385524372229,-0.0111282247587931,0.0076252723311547,-0.0443524541691306
0.0051525379510508,0.0263761467889909,0.0343322665114926,0.0082427299429468,0.0114980424479702,-0.0004661176836171,0.0066518847006649,0.0232384470718765,0.0135135135135135,-0.0219678217821781
-0.0074134155243733,-0.0262569832402234,0.0090014064697607,-0.0069703948873601,-0.0082301173402868,-0.0050408598330076,0.0040381791483112,-0.0146290895767363,0.0093333333333334,0.0028472002530843
-0.0075831862456692,-0.0128514056224899,-0.025090604962364,-0.0242681166098363,-0.0058746199983565,-0.0250195290704163,-0.0313528336380255,-0.0122283019438313,-0.0166446499339498,-0.0495268138801261
-0.0008728015282259,-0.0101127513658025,0.0014297969688303,-0.0281459559865252,-0.007975536179181,-2.289167658631186e-05,0.0020760592620554,0.0026473243660958,0.0002686727565825,-0.0049784268171257
0.0025712449110777,-0.0084546735556599,-0.0074243289548828,-0.0037416178042697,-0.0008747813046737,-0.0190463109218689,-0.0136547697523307,-0.0085681145264185,-0.0016116035455278,-0.0356904603068711
-0.005030660726322,-0.0023685457129322,0.0017261219792863,-0.0026988798022988,0.0001667708984782,-0.0150754941541622,-0.0159442428871491,0.0014531885481352,0.003228410008071,0.0048426150121063
-0.0184564035623999,-0.0453466286799619,-0.0327398047099367,-0.0456301657944931,-0.018174996873567,-0.0277218339059353,-0.0351217619093819,-0.0298147721159018,-0.0265486725663716,-0.1122203098106713
-0.0071038987273583,-0.0003730415319572,0.0056413301662707,-0.007362235659868,0.0016558400203794,-0.0371877665407578,0.0177978883861236,0.020983785256847,0.0110192837465563,-0.0275300504071344
0.0262452951747991,0.058091802462993,0.0522586359610275,0.0475469360362064,0.0018650389962699,0.0401933736616972,0.017091483896463,0.0154842193799482,0.0446866485013623,0.0394736842105263
0.0120766562035354,0.0525511403715024,-0.0005611672278338,0.0419390872950684,-0.0278811981722796,-0.0041365549796822,-0.0124332200097133,0.0111312150812377,0.027908189880021,-0.0318373609512849
0.0209268539527593,-0.0157489109795597,-0.0053340819764177,0.0041307329686095,0.0021760891326108,0.0085762455102988,-0.0075735221796007,0.0021037995345041,-0.0055823395077392,-0.0035657686212361
-0.0146299346049917,-0.0140717203812983,-0.0474174428450465,-0.0042393505942941,-0.0142875754549005,-0.012403701729735,-0.0359762140733398,-0.0088680827446414,-0.0273028833886195,-0.0918489065606361
-0.0275524112416434,-0.0189917127071823,-0.064,-0.0345953105536195,-0.0243193232883955,-0.0403522543295883,-0.0588053870669271,-0.0242219692865793,-0.0506295907660021,-0.0744308231173379
0.0172868346404138,-0.0212366537604129,0.063627730294397,-0.0198121682319314,0.0058701345615461,0.0408987500319522,0.0172583287820862,0.0010728977908909,0.0024868748273003,-0.064333017975402
-0.0779614867303086,-0.053584272356749,-0.0800595238095237,-0.0500566553355994,-0.0830490213682887,-0.0632843004837798,-0.0859014281112423,-0.0300961769131791,-0.0843439911797133,-0.1102123356926189
-0.0167399000231264,0.0780240658644713,-0.0029116790682628,0.0121737300028066,0.0474884950553216,-0.0121906459731543,0.0506284506049572,-0.0368602458634612,0.0108368452739313,0.0198863636363635
-0.019756838905775,-0.0684995887674774,-0.0661907852044126,-0.0201552805795293,-0.0657132174238175,-0.0533188248095756,-0.0990608228980322,-0.0396616817193398,-0.0592614651578321,-0.0757660167130919
-0.0084902177925433,0.0134964682139253,0.0138985406532314,-0.0161835193406321,-0.0244122061030515,0.0323240818615082,-0.0884834946636882,0.0099880532325729,0.0256410256410257,-0.0602772754671488
-0.0685219657483247,-0.0392034847542003,-0.0058259081562713,-0.0405400546526679,-0.1007076197313097,-0.0869022078592184,-0.033219877467665,-0.0690598995942507,-0.1101851851851851,-0.0314304041051957
-0.073462699094706,-0.0292746113989638,-0.1482247500861773,-0.0166763476924806,0.0212681035465844,0.0186182077744401,-0.0464723278411491,-0.0307679806158028,0.0208116545265348,-0.033774834437086
0.06455578802062,0.048305310915399,0.0748684743019021,0.1041559480935232,-0.0141812294120931,0.0602937312038307,0.0211194801358736,0.0781384571999117,0.0686374447842337,0.0596298834818367
-0.1337020828268094,-0.0446792260692464,-0.0372740963855422,-0.044473207351799,-0.1260689811406241,-0.1099851297020433,-0.1784784495227075,-0.0848927220670885,-0.0270270270270269,-0.1435963777490296
0.1061112800243235,0.0058627581612258,0.0,0.0323472041612482,-0.0049899552848161,0.0068378712871286,0.0440140845070422,0.0412293882028482,-0.0372549019607842,0.0354984894259817
0.0366642703091302,-0.0026493575307987,-0.0262025811497849,0.0224111688448014,0.115995831705093,0.0249531360437602,0.0688026981450251,0.0716519455274569,0.0200271554650373,0.0247994164843181
0.0559068287509176,0.0257670341346791,-0.0100401606425702,0.0090862422997948,0.0517653924715495,0.0805025035229214,0.0421268538971284,0.0329234774059996,0.0539101497504159,0.0078291814946618
-0.0228708300334176,0.0556778453968664,0.0685598377281946,-0.0108697495379085,0.0037176783930752,-0.0780842444086797,0.0290688872066617,0.0126645062049042,0.0104199557941269,-0.001412429378531
-0.0219432638133834,0.0591193425732858,0.0110098709187549,0.0266586662094976,-0.0804909060755155,-0.0648326510955935,-0.0778284537295866,0.0364064175370317,-0.0271874999999999,-0.036067892503536
0.0869934310257705,-0.0206137811233352,0.0518212542245588,0.0422476413125156,0.036373474418325,0.0276472481493401,0.0330248883216337,0.0409965099162443,0.0221651140379055,0.0425531914893615
-0.0461518436564457,-0.0215206337944898,-0.0042841842199216,-0.0082512216614596,-0.0374173337974242,0.0270600394625575,-0.0389189189189189,-0.0396335104229292,-0.0282840980515398,-0.0436312456016888
-0.0006238181570071,0.085679758308157,-0.0121907493725348,0.0167366720516963,-0.0190441752546254,-0.0351294483578813,-0.0787401574803149,-0.0351271675008224,0.0103492884864164,-0.0389992641648271
0.1058226860431092,0.0958370436331255,0.0174228675136116,0.138680564382865,0.1010628494194261,0.1182958819253501,0.1376242804814236,0.1280400406497337,0.0115236875800257,0.0298621745788667
-0.0207973187511024,0.041645505332656,-0.0199785943631823,0.0278521991515963,-0.0080348175426849,0.0296461677594392,-0.0219257896350814,-0.009824722029034,0.0022151898734177,0.0052044609665427
0.0094215560879824,0.1303754266211605,0.0251183108846015,-0.0166847678522942,0.0406682416469794,0.0929102736530069,0.0744630819877723,-0.0018700451952284,0.0385222608146511,0.1035502958579881
-0.0341042938216081,0.0228605935127674,0.0362215909090908,0.0345294142011016,-0.0321063726285064,-0.0360892058867849,-0.0351619492267289,-0.0142371894986252,-0.0273639404074186,-0.0046916890080428
0.0484821610036398,-0.0008433836552247,0.0065113091158326,0.0162814284951688,-0.0357960574077177,-0.0494776061071884,-0.0099803417510961,0.0437320594339138,-0.0025007814942168,-0.018181818181818
-0.0001938428463177,0.0136743479361864,0.0037453183520599,0.0139326609938019,0.0190547897602224,-0.0227235348939202,0.0447533221322742,0.0328612077871854,0.0241303666562204,0.0240054869684498
-0.0016391708967851,-0.004080273128487,0.0091587516960651,0.0178467356533227,0.034725774367718,0.0298712590805823,0.0980994152046783,-0.0319051144856875,0.0266217870257037,0.0294708640321499
0.0003001253464682,-0.0210702341137124,-0.0305882352941176,-0.0215800791439223,0.0379545204877513,-0.0163679938994499,-0.0379443482891759,-0.0200816194593719,-0.0134128166915051,0.0468445022771635
0.0106777267913871,0.0114451656986676,-0.0360610263522883,0.0446452955328695,-0.0245541620363021,0.0120165019243017,-0.0815112095211735,0.0022943615843169,-0.0172205438066465,-0.072094468614046
0.031223260281149,-0.0082756291167032,0.0122302158273379,0.0100587590877403,0.0075408235230294,0.0328855571666986,0.0123549796594846,0.0368314492502359,-0.0027666769136183,0.0167448091091761
-0.0017780637732206,-0.0008514986376021,0.0014214641080314,-0.0073210412147506,0.0283760499676932,-0.0119990464333961,0.0506027682690877,-0.011676647555131,-0.0258939580764487,-0.0032938076416337
0.0389326185790865,0.021476052497017,-0.0276792051100071,-0.0060341188448261,-0.017697261636735,0.0159785522788202,-0.0512820512820512,-0.0017205731802787,0.0072784810126582,-0.0191672174487772
0.0587495713795862,0.0156849657934257,0.0080291970802919,-0.0056210652543219,-0.0089014444859014,0.0213215115051721,0.0389726743317901,0.0312965894042589,0.002827521206409,0.0141509433962263
-0.0148362918523774,-0.0165927386232955,-0.0195510499637943,-0.0076753008567194,0.0018285468430676,0.0040822653989252,0.0343489508479448,-0.0212330369677116,-0.0150375939849624,0.0225913621262459
-0.0116313655504938,-0.0039258269295021,0.0328655834564253,-0.0174821191214634,0.0490659222675542,0.0139725181411147,0.0294567180769764,-0.0045504605954017,0.005407124681934,0.0155945419103313
0.0028351495184997,-0.0111530398322851,0.0618519842688596,0.0143273120828717,0.0252788865008699,0.0997081588630883,0.0261843703603725,0.0248689228517355,0.025308446694084,0.1932181701855404
-0.0229961304588171,0.0377374491180462,-0.0417508417508416,0.0006859233290144,-0.078658414853264,-0.0766142059352932,-0.110745758253321,-0.0261204542348107,-0.0185128046899105,-0.1002680965147452
-0.0369226789957807,-0.024434093323527,-0.0302178496134927,-0.0266818989591266,-0.0125135427952328,-0.01766881591443,-0.0212986244638366,-0.0020021252889333,0.0289217227287015,-0.035756853396901
0.0030046160302139,-0.0086279108728429,-0.0307971014492753,0.0048514567411772,0.0383454934445113,0.0312412547383418,0.0318875623394285,-0.0064403179978762,0.0106935533150014,0.0284301606922126
-0.0242159520701542,-0.003717786227292,-0.022056074766355,-0.0038546398442569,-0.0226120033812341,-0.0130504502281978,-0.0136203866432337,-0.0096393268358627,-0.0220677146311971,-0.0084134615384615
0.0272008506697309,0.0039860910864217,-0.0137614678899083,0.0381353171862988,0.0043783783783784,-0.0188471729240614,0.0028210838901261,0.0385300817561082,-0.017001545595054,-0.0175757575757575
0.0198019801980198,-0.0098834262544349,-0.0042635658914729,-0.0306224899598394,-0.0142618804154781,0.0642260266992764,-0.0519692034350015,-0.0135286567675583,-0.00125786163522,0.0623072177668104
0.0174691792596475,-0.0271307908881494,-0.0124562086414946,-0.0229414810978767,-0.0155601659751037,0.0122806597563018,0.0032797126347026,-0.0057026209849617,0.028337531486146,0.0011614401858304
-0.0089305828210987,8.769622029292101e-05,0.0295624753646037,0.001643080510945,0.0289501414231045,0.0346686846710493,0.0524595267745953,-0.0543810971855951,0.020514390691978,0.0116009280742459
0.0127128963647284,-0.0007891967730622,-0.0149310872894332,-0.0125939252830986,-0.0365978547943728,0.0245703053574692,-0.0315042153527586,-0.0163423134805159,-0.035103510351035,-0.0389908256880734
0.0022284926411646,0.0009653356735408,0.0073843762145355,0.0008306538049303,-0.0062101376300772,-0.021326432730274,-0.01435552840562,0.0123934123441586,-0.0062189054726368,0.006563245823389
-0.0051509286068497,0.0528669121514993,-0.0609567901234566,-0.0149795186206527,-0.057985700613635,-0.0560734881812586,-0.0749922528664394,-0.0123724443255207,-0.0331664580725907,-0.0438648488441018
-0.0017848241707,-0.0091597968190523,0.0156121610517665,0.005558349075194,-0.0071714575987569,0.0014247422182511,0.0060301507537687,-0.0055448312382431,0.0229773462783171,0.0142591444513329
0.0076836340206185,0.0431969073031346,-0.0028317152103559,0.0569250729808628,0.0318425329561187,-0.024065589582831,0.0178155178155177,0.0094797000674911,0.0025308446694083,0.0201711491442544
-0.0054030723979731,-0.0065254169016353,0.0101419878296145,-0.0160349854227405,0.0028584762571461,0.0473907886934177,-0.0040896450188123,-0.0004876283474611,0.0028400126222785,0.0077890952666266
0.0180491489737861,0.0368958806357444,0.0056224899598393,0.011786874593892,-0.0240823686812866,0.0146732719981126,-0.0438567674113008,-0.0049277559073238,-0.0191944619257394,-0.0154577883472056
-0.0010261753654763,-0.018221631344334,0.0163738019169328,-0.0073339584109327,0.0161530666984561,-0.0171812517436993,0.0056691290156329,0.0271351174673069,0.0096246390760346,0.0036231884057971
0.01784218594434,0.0085231798629916,0.0278978388998036,0.004839168801594,0.0601243547630221,0.0293331440872424,0.089340621797062,0.0036835453298227,-0.0012710517953605,0.0174488567990374
0.0319690712045461,-0.0074243740620802,0.0237003058103975,0.0012232809683234,0.0460355226027775,0.0562820306575044,0.0250901677904971,0.0163102324051087,0.0006363347120585,0.0289769367238321
0.0167306100955388,0.0315111005013128,0.0552651232262884,0.0471995370072664,0.0067706955831789,0.0273051651364171,0.0156034878384578,0.032470723962058,0.0019077901430843,0.0
0.0165736863133907,-0.0087171179510915,0.051309271054494,-0.0289100399140312,0.0378290337834288,-0.0146345595865894,0.0219912637445398,-0.0203725029645169,0.0082513487781654,0.0293103448275862
0.0047018064835437,-0.0076264591439688,-0.0346684617973747,-0.014733593858684,0.0135169341365868,-0.0034604307269054,0.0269712601326455,-0.0098350447669123,0.039030531948379,0.0776102735901731
0.0171834250941755,0.00564617314931,-0.0118549511854952,0.017225887608143,0.0212287712287713,-0.0077860455084655,0.0242537313432837,0.0231038911043259,-0.0030293850348379,0.0233160621761658
-0.017078312394952,0.0301777916406735,-0.0102328863796753,0.0092115889359984,-0.0201027146001466,0.0126293365794278,-0.0252206809583859,-0.0121183049883527,0.028562746885445,-0.0025316455696202
0.0047386497022041,-0.0146090379229429,0.0327985739750444,0.0065017879916977,0.0315962863132672,0.0048942792744446,0.0268794020411096,-0.0058005652280102,0.0129985228951254,0.1243654822335025
-0.0115095047163007,-0.0242740820402519,0.0127718329306178,-0.0142363785435662,-0.0168868244060579,0.0186486659688549,0.0072788353863382,-0.0152454984397709,0.0052493438320211,0.0424379232505642
-0.0032391735730128,0.0077940481813887,-0.0163599182004088,0.0393688879927411,-0.0281523772024805,0.0012582309273161,-0.0312673707615341,-0.0168476259488483,-0.0104438642297649,-0.0346470333477696
-0.0113300348391252,0.0045308960237482,-0.024948024948025,-0.0027401910858917,0.0046085283095311,-0.0398148536003016,0.0127671783101419,-0.0010783836931469,-0.0029316915860451,-0.0004486316733961
-0.0019692034350015,-0.0123648806283537,-0.021321961620469,-0.0133495440729483,-0.0234410445127791,0.0077216708474205,-0.0332861189801699,0.0044482210139886,0.0055865921787707,-0.0471274685816875
-0.0012758318868959,0.0135433070866142,-0.022149600580973,-0.0122362973186119,0.0146087136072681,0.0397844109179852,0.0086446886446887,-0.0067406258937576,-0.027485380116959,-0.0080075365049459
-0.0026291944564104,7.768800497198747e-05,-0.0189379873746751,0.001085342881024,-0.0334774866446196,-0.022357765888794,-0.0380592678675187,-0.0058194867940083,-0.018340348767288,-0.0455840455840456
-0.0035297271535803,-0.0090887904917269,-0.0071915215745645,-0.0017072502056177,0.0426909512028215,0.020356450822988,0.035789791603745,-0.003548715572276,-0.0033690658499234,-0.0572139303482587
0.0167695457874361,0.0039981185324553,-0.0129622569576821,-0.0050556117290192,-0.0112580775444264,-0.013627162503391,-0.0029158769499927,-0.0088085374584662,-0.0196681007990164,0.0068601583113456
0.0008231783504093,0.0026547981572575,0.062958671301661,0.0054702398875841,0.0415624202195559,0.0006981762789317,0.0293902617341716,-0.0011853205458647,0.0373040752351097,0.0099580712788258
0.0100756407431887,-0.0091114399190093,-0.0025436046511627,-0.0003493885700025,0.0131378989166133,-0.0038478614769867,0.0335227272727272,-0.0051981123620507,0.0359625264430343,0.0638297872340425
-0.0050457314856553,0.0310436969506444,0.0466302367941713,0.0068029758338326,-0.0044515411041756,0.0240889700108242,0.0103078614623419,0.0028549504965873,0.0420070011668611,0.0014634146341463
0.0134017303869988,0.0058693497980026,0.0013922728854853,0.0188452335197193,0.0131713244228433,0.0025905661941474,0.0233981771187592,0.0252558733148295,0.0495520716685329,0.0170482221139796
-0.0059560721650971,-0.0433464686268565,-0.0159888773027457,-0.0161115640629373,-0.0094022834116856,0.0309857990367323,-0.0745713146351189,0.0096383649223945,-0.0477460656174979,0.0038314176245208
0.0011606313834726,0.0058618504435994,-0.0081243376898623,-0.0089174180302524,-0.0036319612590799,0.0264255353276123,0.0083309393852339,0.0047312806179093,0.0047619047619047,-0.0095419847328244
0.001738928819847,0.0,0.0121082621082619,-0.0019967054360305,0.0269258809234509,-0.0075204125483454,-0.0054131054131053,-0.0065229046285816,-0.0008363534987455,-0.0231213872832368
0.0181836592986921,0.0157505118916365,-0.0510204081632653,-0.0061896663832341,0.0185527000804579,-0.0143281702060656,-0.0171870524205098,0.0028391545495427,-0.0053013392857141,-0.0192307692307692
0.0240250053278396,-0.0072104202201891,-0.0148312940304041,-0.0072725442580873,-0.0094791134240974,0.0171322457618656,0.0243369280093266,0.0268821543989932,-0.0190743338008415,-0.0120663650075415
-0.0160525001387424,-0.0205388520109331,0.007527286413248,-0.0084918693519563,0.0175915935638222,0.0001963132374016,0.0358514724711909,-0.0218696959727969,-0.0080068630254503,0.025445292620865
-0.0030598288187932,0.0304576622548238,-0.0018677624206201,0.0023265029592607,0.0044255946892866,0.0486564996368918,-0.0032962505150391,-0.0005655149013176,0.0095128279042953,0.007940446650124
0.0009193516449321,-0.0114515629835965,0.0123502994011976,0.0002295596281132,-0.0141821185973931,0.0250243318110354,-0.0050985255615269,-0.0055838969346639,0.0142775556824672,0.0187099950763172
0.024333375725974,-0.0065748278021289,0.0044362292051756,-0.0075099771768095,0.0270496764281391,0.0119419337167898,0.002354570637119,0.0063729365820934,0.0022522522522523,0.0536491058482357
0.0148988122335802,0.0030728017648911,-0.0220831799779168,-0.0176002055498458,0.0019492293744334,-0.0078132048575396,0.0392427801575236,0.0065706463516248,-0.0275280898876404,0.0004587155963302
0.0017806413027225,-0.0033775822794752,0.0,0.0165293579181378,0.004705243632086,-0.0109482413705308,-0.0188804680228693,-0.0065247983727917,-0.0193529751588676,-0.0339293901879872
-0.0030936227951153,0.0073297604035309,-0.0184418517124576,0.0025471479661409,0.013149007069843,-0.0102052074139452,0.0037945521073317,-0.0025562356974297,0.0106038291605301,0.015187470336972
0.01444087543554,-0.0002347234175729,0.0061349693251533,0.0022712107991582,-0.0176452286768301,-0.0037897787437997,-0.0270014850816795,0.004415511572817,0.0061206645292917,0.0060776063581111
0.018823876672078,-0.0008608545938331,-0.0053353658536584,-0.0015107093932836,-0.0224866527916024,0.0031515151515151,-0.0187317885389205,0.0073515870517018,-0.0202780996523754,0.0037174721189592
-0.0162110198061525,-0.0094775593326545,-0.0172413793103448,0.0214383710941006,-0.0198102291136311,-0.0289437483734245,-0.0227658371040724,-0.0036003149169804,-0.0340035481963335,-0.0263888888888887
-0.0032126363697209,0.0093310137592916,-0.0019493177387914,0.0133813690169839,-0.0053831987533643,0.0138599077282386,0.0007234843003907,0.0007664626711965,0.0012243648607286,-0.0185449358059914
0.0353186060565366,0.0568787214039485,-0.0144531249999999,0.0286638011123634,0.008925604139961,0.0252072279601971,-0.0033256217466745,0.0347098395800991,-0.0082543564659126,-0.002422480620155
-0.0180945586613917,0.0216456634544106,0.0352754657154179,-0.0080440253844392,0.0337866453343373,0.0181412995432443,0.0265486725663717,-0.0151866321056949,0.0067817509247842,0.0335114133074307
0.0522192866578599,-0.0214047308083006,0.0183767228177642,-0.0064704097116844,0.0314989303108925,0.0347678225791863,0.0260033917467494,0.0009895559766568,0.0012247397428046,-0.0126879699248121
-0.025673860369352,-0.0178690590939424,0.000751879699248,-0.0143080569878545,0.0048541547151492,0.0031466881107633,0.043526170798898,0.001658259407433,0.062079510703364,0.0323655402189433
-0.0194181012266776,-0.0009059338668275,0.0075131480090158,0.0069541718833285,-0.0107153836019499,-0.035254343620933,0.0060718057022175,-0.0071632823172567,0.0345522602936942,-0.0304287690179806
0.0059263347393594,0.0147347740667975,-0.0048471290082028,0.0168406539294858,0.0035956851777867,0.0011560693641616,0.0292574127525582,0.0060955523748169,0.0116893960478707,0.0085592011412267
-0.0023905319260111,-0.0080422965224515,-0.0138628699887597,-0.0155084745762712,-0.0099964614295826,-0.0110060623556581,-0.0266411727214785,-0.0002636702904431,0.0013755158184318,-0.0216878830740216
-0.0107635297044612,-0.0197432625178289,-0.0125379939209726,-0.012358735350902,-0.035385577696363,0.001058123836976,-0.0610267155578837,0.0057037361210536,-0.006043956043956,-0.0197590361445783
-0.0006883132354692,0.0148567927707152,0.0038476337052713,0.0088776552033269,0.0066234367762854,0.0355919230208485,-0.017852161785216,-0.014688549156352,0.0055279159756771,0.0467059980334316
0.0052851182197495,0.0281466948385149,0.0057493292449213,0.0619176323941401,-0.0202917222656791,-0.0215574131104268,-0.0029821073558647,-0.0291043204604749,-0.0008246289169874,-0.0065758572099577
0.0029646612380425,0.0068990825688073,-0.0198170731707316,0.0498349681558274,-0.0131035130565468,-0.0273561151079136,-0.0173764421022647,-0.0044493714547365,-0.0269601100412655,-0.0198581560283687
0.0046374755317333,0.0498578613601572,0.0050544323483669,0.0009852543948987,-0.016989482701185,-0.0101518149374063,0.0053630961008841,-0.0001089324618736,0.0081990387333898,0.0096478533526289
-0.0123966942148761,-0.0135388460737346,-0.0065764023210831,0.0014156003583236,-0.0298218435321455,-0.0168877265084997,-0.0102364475201846,0.0001573640314243,0.001402131239484,0.080267558528428
0.0109634023621629,0.004856418918919,0.0027258566978192,0.0237219626942319,0.0395708582834333,0.0284270132634059,0.0225782957028404,0.0033404337722695,-0.001680201624195,-0.0141530296329057
0.0084739103101425,0.011627092526441,-0.0023300970873787,-0.0073141525615716,-0.0135362165794653,-0.0038246923617013,0.0034188034188034,-0.0046230398069965,-0.0129032258064516,0.0354419021982952
0.0020000259743633,0.0123935470470124,0.0031140521603736,-0.0038905008748192,0.0127974307819571,0.0032273022349995,0.0185973878478138,0.0105311951815845,-0.0002841716396703,0.0121317157712304
0.0199992223244722,-0.003351114758583,0.0069848661233993,-0.002083765178211,0.0030268088786391,0.0006470816617056,-0.0022299651567944,0.0066827965209881,0.0002842524161454,0.0196917808219176
0.0020331401850157,0.0918822479928636,-0.0038535645472062,0.0256696184541378,0.0065143459309289,-0.0014965634468996,0.015644643106579,-0.0073174654229655,0.0073884626314293,0.0398824517212426
-0.0160418991579588,-0.0221216691804927,0.006576402321083,-0.020251977232514,0.0152286679674487,0.0039598097811002,0.0104524824645853,-0.0025771417427958,-0.0022566995768689,-0.0125151392813888
-0.017991777396863,-0.0204370179948585,-0.01076095311299,-0.0169172523336016,-0.0027656682135658,0.0225408703024494,-0.001361099768613,-0.004929975696032,0.006785411365564,0.0249386753883891
-0.0003937266224818,-0.0024275029523684,0.0019425019425018,-0.003519139470801,-0.0043715333270659,0.0128514780100936,0.0032710917268639,-0.0040294180770635,0.0039314799213703,0.0462704427602713
-0.0018118558392963,0.0151923709306147,0.0224893369523071,0.0038092065078572,-0.0232283650441432,-0.0020821098713362,-0.0180681972558077,-0.0072537664954899,-0.0187412587412587,-0.0499428135722456
0.0177042366527682,-0.0001943508681004,0.0314751611679939,-5.531707748818171e-05,-0.0016433853738702,0.0440116984093015,-0.0033204205866076,0.0041700550911971,0.0185290763968073,-0.0084269662921347
0.0117999819058327,-0.0088122853625347,0.0047794117647059,0.0002766006881824,0.0229968530622124,-0.0010419513528285,0.0259578012215435,0.0080192901375517,-0.0050377833753149,0.0165924726831241
-0.0099379199345988,-0.008498398378767,-0.0113428466886206,-0.0068909830988407,0.0095598674869852,0.0030436195133629,0.0132593695034499,-0.0126158288330735,-0.0022503516174402,-0.0035828025477706
-0.0018836765237136,0.0057361376673039,0.0251665433012584,-0.0029514952386255,-0.0071254453403336,0.0078416665246074,-0.0178929096007477,-0.0081856139975222,0.0217084860445446,-0.0275669196963643
0.0037873891574675,-0.0025567064376557,0.0072202166064982,0.0030719392314566,0.0251652502360717,0.026183589587456,0.0092454112848401,0.0215890130428479,0.0435982339955849,-0.0065735414954806
0.0065932650827378,-0.0118304304962207,0.0021505376344086,-0.0038309482710617,0.0289227651637267,-0.0060657007697505,0.0247878216354575,-0.0050205440784449,-0.0203595980962453,0.0024813895781636
-0.0029424181559993,-0.0053209178583305,0.0046494992846921,-0.0100278364691284,0.0023723199498679,-0.0150246264572727,0.0157749441304062,-0.0115663761924411,-0.0026990553306343,0.0486798679867985
-0.0173473446501661,0.0003343363423604,0.0106799572801707,0.001592248797344,-0.0011163704563722,0.0643151780452899,0.0077649799404684,-0.0060258346533074,0.0032476319350474,0.084972462627852
-0.0033035189658549,0.0109625668449198,-0.0098626276858047,0.0005073566717401,-0.0056775001117619,-0.0060112315115083,0.0073198921279054,-0.004715859432182,-0.0008092797410305,0.0460478607686729
-0.0059608028087826,-0.0100502512562814,-0.0106723585912487,-0.0141311697092629,0.0021580793094146,-0.0262433357205378,0.0446200917899031,-0.0007726344663236,-0.0156587473002158,-0.0100519930675908
-0.0178710281112852,-0.0468207320331286,-0.0338007910823445,-0.0250554374414192,0.0012113055181695,-0.0174059425358742,-0.0368562362704416,-0.0094216287555314,-0.0183763027975865,0.002801120448179
0.0120637135840904,0.032233200196202,-0.0066989207294381,0.0204586489084812,0.0102612358291884,-0.0034763227491226,-0.009249873289407,0.0155082745281214,0.0081028220173233,0.0041899441340784
0.0074781225139219,0.0023080578372141,0.0213563132259275,0.000183825641379,0.0060764658919543,-0.0173754840432633,0.0037089141833994,-0.0126166118207805,0.0044345898004434,0.045201668984701
-0.0137792166771951,0.000474094141551,-0.0044020542920031,0.0184710815002009,-0.002865582154036,-0.0007304105586791,-0.0245922528032619,0.0250866809858341,-0.0149006622516555,0.0103127079174982
-0.0109425250543789,-0.0189547793122123,-0.0239498894620486,-0.0249596787837089,-0.0102573171810064,-0.0089073230434487,-0.0266492488569561,-0.0098299656881433,-0.0193277310924369,-0.0266710569641092
0.0049111539862649,-0.0108335633452939,-0.0037750094375236,0.0225216888374784,-0.0078620566425443,-0.0188837815587266,0.002281572943229,0.0105281963456254,0.0062839188803198,0.0108254397834912
0.0020273626831002,-0.0119288454830832,-0.0151572565365668,-0.0160752061721551,0.0017559657811796,0.0010663776375363,0.0061596143545796,-0.0168866400463315,-0.0070962248084018,-0.0475234270414992
0.0017954764712189,0.0273227901722676,-0.0230858022316274,0.018545345842531,-0.0143377230437323,0.0142497904442582,-0.0215597551237688,0.0115338108082969,0.0020011435105773,-0.0154602951510893
-0.0050958992055212,-0.0010308569857742,-0.0023631350925561,-0.0111300500062084,-0.0054263565891473,0.0154097796143251,0.0084330794341673,0.0066329501915709,0.0134094151212553,0.0228408279800143
0.0142501848490959,-0.0011695101816179,-0.0122384524279511,0.0048970925653233,-0.01091192517537,0.01475201356507,-0.0005395198273536,-0.0058066952078779,-0.013795045045045,0.0069783670621075
-0.0139836967327191,-0.0059921482195743,-0.0011990407673859,-0.0085196292257361,-0.0191906549853984,0.0121146294594369,-0.0183535762483131,-0.0148266346510183,-0.0208392806166143,0.0294525294525294
0.0039252587713403,0.0288941241685143,-0.0068027210884354,0.0179303865630944,0.0118625643934022,0.0028561994386659,0.0215837228485016,-0.0026331660791005,0.0104956268221574,-0.0010097610232245
0.029565357114164,0.0136709542730149,-0.0020145044319097,0.0417684333742274,0.0216254086875293,0.0062723276756169,0.0084779975777149,0.0097780991774176,-0.0077899596076169,0.0205525606469001
-0.0075042268175314,-0.0014615997874036,0.0036334275333065,0.0430756930789344,-0.0091894116033467,0.0015705778417642,-0.0152121697357886,-0.0047197767598068,-0.0212271009014246,-0.0250907890392867
-0.0047567255906595,0.0728542914171657,-0.0052292839903458,0.1048423015174271,-0.0242709486895532,0.0168735707285201,0.0014905149051491,-0.002127613382254,0.0213903743315506,0.001693193362682
-0.0442922975641869,-0.0473178294573642,-0.0161746866154468,-0.0358780128812098,-0.0075664428260664,-0.0184087513854754,-0.0510079826816398,-0.0407967899645987,-0.0081442699243746,-0.0706558485463152
-0.0113796048824842,0.012433276917068,-0.0172626387176326,0.0050466744457409,-0.0132469265224434,-0.018066669939614,0.0105503279155974,-0.0150025112194805,-0.0099706744868034,-0.0316478719534375
0.0102842809364549,-0.0131807368353372,0.0125470514429109,-0.0116487195116051,0.0114448522310217,-0.0144659433694982,-0.0071952595936792,0.010974225701926,-0.0290284360189573,-0.0127723516153267
-0.0033518166018373,-0.0442402918947093,-0.0441966129698471,-0.0157309970143409,-0.0160897588923369,-0.013004143062484,-0.0459002415802189,-0.0069764187933788,-0.0277608297742526,-0.0654490106544901
0.0203861324475815,0.04996932306224,0.0121002592912704,0.0168675657397461,0.0131987577639751,0.0286810814515299,0.0385761096216858,0.0313228061092414,0.0087856918732349,0.0362377850162867
0.0138210720486111,0.0061031034930527,0.0247651579846286,0.0034525253315598,0.0097701149425288,0.0289473684210526,0.0411587551986232,-0.0010802704488841,0.0460342146189736,0.0440078585461689
-0.000133784633497,-0.0160686628807433,-0.0195833333333332,-0.0088988956792109,0.0079206981597419,0.0278578134611025,-0.0163911845730027,-0.0062946093461748,-0.0288432946773713,-0.0086563793752352
0.0164041906953718,0.0161999081786581,-0.0140246493837654,0.0203768537823061,0.0151051715213401,-0.0087087985637568,-0.0064416748354572,0.019064263468377,-0.0052051439069199,0.0121488230827639
0.0027513394678988,-0.0021943978314187,0.0107758620689655,-0.0146015652106865,0.026284071945114,0.0013185905379213,0.0407329105003524,0.0051417676750227,0.0132348414896892,0.0015003750937734
0.0057370162264349,0.0073091849935316,0.0098081023454157,0.0092819905908587,0.0066850354577892,-0.0070602421107743,0.0105633802816902,0.0020405612324614,-0.0106318347509113,0.0029962546816479
-0.0168648592201959,0.0021832659089451,-0.0135135135135135,-0.0044577962980909,0.026697177726926,0.0022849290553497,0.0201018493701421,-0.0097485522183725,0.002149217070924,0.0810306198655712
0.0053374404184978,-0.0086499647594028,-0.0201198630136986,-0.0061423148058016,0.0158639979022814,0.0310233232898113,0.0053862322648448,0.0149620359202233,-0.0220588235294116,-0.0259067357512953
0.0023111768512527,0.0489270941054809,-0.0100480559196155,0.0175222088365214,0.0254248225424822,0.0140707868816971,0.0126747680648111,0.0118031077793774,-0.0081453634085212,-0.000354609929078
-0.0130708619917252,-0.0102286031178755,0.0141218005295675,-0.0079701216694901,0.0350310454774291,0.0147141789793086,0.0361290322580645,-0.0165904100683242,-0.0018951358180669,-0.0177367860943596
-0.0036314117113027,0.0130735230031751,-0.0147954743255004,0.0130991655346399,-0.0161323010822421,-0.0128328424595781,0.0063511830635119,-0.0082262178731578,0.0113924050632912,-0.0184182015167929
0.0037920407342892,-0.0325692865482701,0.0057420494699644,-0.0099128435973565,-0.0125242038478968,0.0010198800499285,-0.019304541517139,-0.0144131000742036,0.0040675844806006,-0.0132450331125828
0.0117870062605955,-0.0071777933049609,-0.0289855072463768,-0.0088512696493349,0.0108890650423463,0.0069189945408372,0.0266246056782335,3.1901997064043286e-06,-0.0211904019943905,-0.0253542132736763
-0.0155153306243074,-0.0168905950095969,0.0004522840343734,-0.0130294749170407,-0.0348741229880313,0.0010571463090491,-0.0388397246804326,-0.0044854064779987,-0.0082776185928049,-0.0286916602907421
0.0043419994639506,0.0182871274241833,0.0067811934900543,0.0048059332509271,0.0257429976480649,0.00970038922246,0.0130434782608697,-0.011055743378571,0.0205457463884428,0.0063016935801496
0.006738364645602,-0.0234549753946443,0.0300853165693759,-0.0044089714696244,0.0035018968607996,-0.0292100584201168,0.0530169149204746,0.0429610667357949,0.0050330292544826,0.0039138943248533
-0.0581319831939455,0.000392670157068,-0.0091543156059284,0.0025701096250605,0.016949856674006,-0.0034167513159109,-0.0059937664828578,0.0099048352870632,-0.015962441314554,0.0109161793372321
-0.0438765602352841,0.0036634829255528,0.0127584689837219,-0.0048115319010479,0.0185873605947954,-0.0183005930318754,0.0137481910274963,-0.0136409363453734,0.0416666666666667,0.004627844195912
0.0179851350356905,-0.0125146656237778,0.0060816681146829,-0.004904146232724,-0.0107483757118794,-0.0304717856749571,-0.0176064715679277,-0.0075728985050699,0.0082442748091602,0.0249520153550864
0.0032963696560499,6.600660065991804e-05,0.0164075993091536,-0.0007467144563918,0.0020270818130219,0.0095894856401104,0.0098086703802373,-0.0027656518610008,0.030587522713507,0.0262172284644195
0.0045104114129259,-0.01372846676787,-0.0267629566694987,-0.0080007970906191,-0.0201488914063763,-0.0684977740634191,-0.0299796138625734,0.0248275340441022,0.0111666176902733,-0.024087591240876
0.024918230332243,0.0309174864485044,-0.0052378873854211,0.0243667262610232,0.0183334709720042,0.0048310012250039,0.0135987143033748,0.0596887329444288,0.008427782621331,0.0145848915482424
-0.0085520330324025,-0.0064913988964622,-0.0109697235629662,-0.0291014629172058,-0.0190576595572135,0.0117618777794947,-0.0339065739724355,-0.0064248963281744,-0.0037463976945245,-0.0062661260597124
-0.0025552700680463,-0.0038549493629533,-0.0164152617568766,-0.0018279135528176,-0.0185185185185183,-0.0177177381033194,0.0097209948238858,-0.0145188283296777,-0.0072317037894127,-0.0215133531157269
-0.0168145726296123,-0.0102321920503738,0.0302210193955796,-0.0107852163619623,-0.0030744609164421,-0.0325501036627504,-0.0182545636409101,0.0172489419463446,-0.0034965034965034,0.0056861258529188
